pond_id,province,regency,size,total_seed,SR
12228,,,333.0,310536,2.8416995130999307
9603,,,160.0,75000,71.25333333333333
16224,,,261.0,1256880,77.34332394500669
13378,,,394.0,2604000,90.05441935483871
16048,,,246.0,703500,43.4211855010661
16050,,,223.0,787500,43.57377523809524
16051,,,251.0,840000,78.90842380952381
16052,,,208.0,442500,78.47217175141242
16054,,,236.0,885000,58.07013333333334
16055,,,229.0,784000,89.01235841836734
17029,,,140.0,308000,48.907272727272726
17030,,,194.0,307200,56.8359375
17031,,,194.0,307200,68.05787760416668
19168,,,140.0,150000,57.109733333333324
19171,,,128.0,150000,54.690133333333335
19172,,,121.0,150000,45.05233333333333
19190,,,131.0,150000,37.728
19198,,,120.0,150000,63.959999999999994
19206,,,132.0,150000,58.256
19580,,,780.0,3670758,52.34142920889908
19582,,,126.0,1513500,17.769954410307236
18397,,,182.0,112728,91.55054644808743
18398,,,47.0,23912,93.45947641351621
19378,,,375.0,240000,41.40625
19371,,,300.0,400000,9.3
20257,,,546.0,2391456,98.4635452209867
20322,,,783.0,4090500,63.58388778877888
20323,,,542.0,2977200,34.01809149536477
16472,,,137.0,100000,23.974999999999998
19372,,,685.0,750000,32.51466666666666
21219,,,300.0,50000,49.8
21224,,,180.0,50000,40.32
21227,,,100.0,20000,25.5
21235,,,180.0,50000,58.68
21240,,,200.0,40000,75.0
21239,,,200.0,50000,24.0
21238,,,200.0,40000,75.0
21242,,,200.0,18000,77.77777777777779
21221,,,300.0,70000,19.714285714285715
21226,,,250.0,40000,75.0
21225,,,250.0,20000,90.0
20888,,,212.97,1920000,55.578736531249994
21898,,,270.0,120000,45.0
21960,,,612.504,2500000,95.92743646080001
21963,,,677.452,2000000,99.943816108
21965,,,547.92,2500000,87.75662054399999
21966,,,592.392,2500000,93.86664501119999
21970,,,645.668,2500000,96.9269053584
21234,,,180.0,24000,82.5
19378,,,1215.0,600000,34.83
21217,,,200.0,10000,100.0
21241,,,200.0,30000,61.33333333333333
21221,,,325.0,170000,29.345588235294116
22914,,,742.0,2574000,48.145825951825955
20894,,,310.0,164000,66.15853658536585
21238,,,200.0,35000,49.142857142857146
21235,,,210.0,40000,44.625
21899,,,271.0,250000,88.888
19381,,,390.0,140000,28.414285714285715
23667,,,200.0,100000,27.400000000000002
23708,,,80.0,50000,71.04
23711,,,110.0,170000,28.47058823529412
23688,,,250.0,80000,19.375
23678,,,108.0,100000,75.6
23679,,,185.0,300000,84.6375
23695,,,180.0,130000,83.67230769230768
23692,,,220.0,100000,79.2
23669,,,190.8,225000,96.75680000000001
23635,,,200.0,150000,26.666666666666668
23670,,,203.0,127500,71.79990588235295
23671,,,263.0,127500,96.50552941176471
23682,,,200.0,50000,60.0
23698,,,394.0,400000,85.301
23693,,,228.0,120000,85.63300000000001
20889,,,247.68,1920000,72.24980400000001
20890,,,232.07,1920000,62.56196242708333
20891,,,236.45999999999998,1920000,66.57248040625
21224,,,150.0,20000,12.75
21218,,,250.0,20000,81.25
21234,,,200.0,50000,36.0
21223,,,800.0,40000,95.0
21226,,,300.0,20000,60.0
30535,,,263.33,150000,38.62173333333333
24013,,,304.0,600000,72.09816
24014,,,173.0,270000,76.48842592592592
24015,,,348.0,910000,70.44973186813188
24018,,,468.0,540000,47.82179999999999
24019,,,169.0,180000,20.026500000000002
24020,,,318.0,300000,77.54111999999999
24023,,,114.0,180000,50.66666666666667
23715,,,139.0,160000,89.13375
24120,,,370.0,80000,49.450500000000005
21239,,,150.0,50000,1.5
21243,,,650.0,300000,57.199999999999996
24195,,,200.0,70000,27.142857142857142
24332,,,239.0,1100000,98.468
23718,,,43.0,100000,32.25
21221,,,318.0,80000,43.52625
21222,,,130.0,64000,18.28125
21225,,,400.0,32000,50.0
12521,,,116.22,520000,42.37068300000001
12522,,,122.17999999999999,600000,47.30076520000001
12523,,,125.53,460000,46.40680365217391
12524,,,155.66,420000,38.04256276190476
12526,,,149.52,440000,38.74776818181819
12528,,,119.95,480000,38.3892478125
12529,,,139.53,440000,39.36775527272727
12530,,,142.37,360000,30.95281988888889
12535,,,115.23,500000,26.260456080000004
12686,,,329.0,450000,92.26622222222223
21229,,,500.0,110000,45.45454545454545
21231,,,250.0,55000,40.909090909090914
23692,,,108.0,240000,31.185000000000002
21240,,,300.0,86000,43.604651162790695
21238,,,500.0,32000,54.6875
21227,,,130.0,56400,34.57446808510639
21217,,,360.0,100000,28.98
21226,,,170.0,20000,62.050000000000004
23687,,,75.0,70000,16.071428571428573
23695,,,270.0,100000,54.0
23717,,,399.0,300000,30.00347
23711,,,110.0,110000,45.0
23710,,,160.0,188700,17.975622681505037
23703,,,64.0,115600,13.951557093425606
21219,,,200.0,20000,97.0
20894,,,175.0,70000,62.5
23667,,,46.0,100000,18.676000000000002
25354,,,203.0,270000,32.90855555555555
19378,,,1040.0,600000,49.4
25561,,,368.0,90000,94.04444444444444
23670,,,260.0,165000,86.28848484848484
23671,,,358.0,165000,73.98666666666666
25602,,,158.0,200000,61.8175
25606,,,136.0,344000,33.6046511627907
25607,,,400.0,240000,59.166666666666664
25609,,,300.0,10000,84.0
21234,,,165.0,48000,34.375
23697,,,154.0,160000,28.105000000000004
25683,,,200.0,40000,25.0
25603,,,235.0,100000,58.75
23700,,,100.0,90000,22.22222222222222
21239,,,730.0,150000,43.8
21238,,,450.0,100000,45.0
21221,,,450.0,200000,59.175
23678,,,192.0,200000,33.792
24509,,,374.0,671675,84.03091078274463
19371,,,230.0,115000,40.0
23631,,,295.0,400000,97.39425
19373,,,265.0,60000,75.08333333333333
24021,,,210.0,180000,67.37966666666667
24014,,,74.0,90000,27.46222222222222
23708,,,130.0,50000,24.959999999999997
19372,,,707.0,900000,64.02277777777778
24018,,,160.0,200000,17.04
23707,,,77.0,50000,25.41
24272,,,190.0,100000,41.8
24195,,,288.0,200000,61.919999999999995
21230,,,250.0,50000,30.0
21231,,,600.0,100000,33.6
21225,,,289.0,50000,32.946
21240,,,300.0,200000,52.5
21223,,,400.0,100000,35.6
21217,,,290.0,85000,34.11764705882353
21219,,,505.0,210000,69.73809523809524
12667,,,156.28,897600,63.32508778966132
12671,,,172.68,897600,63.92853689839573
12673,,,153.67000000000002,1953600,65.64161615990992
12674,,,143.25,1056000,61.888069602272736
12675,,,169.68,550500,87.35360653950954
21899,,,240.0,400000,94.98
23714,,,160.0,100000,41.44
20104,,,309.0,1310664,36.306788009741624
20102,,,277.0,1310664,34.42041972618459
20108,,,275.0,810720,39.513950562462995
25605,,,666.0,120000,27.750000000000004
24120,,,170.0,40000,46.92
24019,,,285.0,90000,49.685
24311,,,205.0,90000,62.948666666666675
24015,,,210.0,130000,91.098
20894,,,766.0,400000,94.7925
21222,,,450.0,228000,59.50657894736842
19170,,,105.0,69000,57.41521739130435
19172,,,107.0,600000,31.348325
18798,,,215.0,198000,45.41929292929293
19190,,,235.0,198000,49.20164141414141
19194,,,256.0,198000,49.077010101010096
19198,,,243.0,198000,45.12681818181818
19201,,,273.0,198000,53.78513636363637
19203,,,252.0,198000,54.30472727272727
25609,,,232.0,50000,56.608000000000004
24005,,,76.0,165000,14.094545454545454
24265,,,148.0,85000,83.5764705882353
27402,,,166.0,150000,75.25333333333334
25603,,,400.0,200000,38.0
27475,,,100.0,40000,40.0
24020,,,82.0,60000,41.0
24758,,,293.0,600000,73.1035
23695,,,530.0,300000,18.06416666666667
21226,,,250.0,55000,34.090909090909086
21221,,,200.0,55000,54.54545454545454
21225,,,250.0,108000,0.0
18386,,,57.34,347100,92.89509513108615
18387,,,61.57,499500,93.43318376376376
18388,,,74.19,444600,75.85385175438596
18390,,,69.95,450000,81.95777244444443
18391,,,78.0,500000,72.40568400000001
18393,,,69.63,72000,46.70819083333333
18348,,,64.42,892244,83.18780750557023
18349,,,73.14,693575,96.60912671304473
18352,,,69.59,634210,99.20818694123399
18353,,,73.1,793531,92.70025997724095
18350,,,69.95,293340,78.3822013704234
18354,,,68.17,554580,86.77963067546612
18355,,,69.87,484631,84.70900043538279
18356,,,73.69,228969,86.59876013783524
18357,,,68.94,339385,91.51427741355688
18394,,,82.09,96866,9.92459676253794
18397,,,76.9,68068,91.03659428806488
28053,,,160.0,50000,27.200000000000003
19373,,,209.0,100000,52.25
24759,,,407.0,390000,97.99307692307693
21234,,,92.0,128000,71.23028124999999
19381,,,253.0,500000,19.733999999999998
20731,,,107.6,100800,94.60900793650792
27104,,,264.31,1693536,73.95325553752622
26291,,,249.6,625000,54.361681919999995
23710,,,126.0,179200,10.7578125
28946,,,440.5,1104768,33.63814122060016
28948,,,419.5,789120,55.67178375912408
28950,,,394.0,750000,36.10405866666667
28942,,,548.0,1200000,58.335056666666674
28948,,,128.0,300000,51.916799999999995
28945,,,117.0,200000,64.78758
1,,,289.0,504000,46.52957341269842
4,,,470.0,1064000,85.78515977443608
28860,,,397.87,3513600,81.18536444102914
9986,,,342.49,2870000,67.50096029616725
30344,,,780.0,21000,48.285714285714285
30343,,,470.0,12000,35.25
30345,,,1520.0,110000,51.12727272727273
30386,,,129.0,413600,26.41755319148936
5,,,765.0,1596000,66.07711466165414
6,,,401.0,456000,17.178804824561404
7,,,235.0,342000,24.520394736842103
8,,,472.0,456000,31.93245614035088
30609,,,578.0,2520000,51.44177063492062
30607,,,341.0,900000,51.26177222222223
30608,,,316.0,894000,33.96823266219239
30610,,,266.0,640000,65.452625
30606,,,244.0,381000,23.849238845144356
20106,,,366.75,2559600,70.78822345288326
20107,,,100.0,408825,62.12780529566441
20109,,,95.0,408825,41.975906561487186
27258,,,265.0,1137600,73.35836409985936
12664,,,279.0,304000,69.35536184210527
30752,,,62.0,50000,21.7
30786,,,88.0,500000,63.36000000000001
30787,,,135.0,330000,77.97272727272727
20103,,,133.0,445625,72.46541374474053
20102,,,126.8,465000,74.98924731182795
27259,,,313.4,1813500,98.90876349600221
31246,,,228.0,438480,95.4679802955665
31247,,,116.0,289800,51.43547273982057
31248,,,274.0,301050,0.0009101478159774124
31256,,,427.0,1354500,70.9412661498708
31257,,,328.0,1048320,76.03021978021978
31258,,,435.0,1225575,78.3928156171593
31033,,,100.0,9538,8.492346403858251
12273,,,171.9,151800,27.455306324110673
31371,,,165.0,50000,97.68
31373,,,180.0,50000,36.0
31329,,,50.0,1272,10.062893081761008
31330,,,60.0,1272,18.679245283018865
31331,,,60.0,1908,7.578616352201259
31332,,,50.0,1908,10.324947589098532
31333,,,100.0,2543,2.320094376720409
31335,,,60.0,3179,5.360176156023906
31337,,,50.0,3815,5.517693315858454
31648,,,274.0,776000,99.26462113402062
31650,,,267.5,776000,53.97743234536082
31651,,,293.0,776000,89.1731907216495
22796,,,136.0,70000,77.81142857142858
18210,,,209.71,1200000,10.163944666666668
18211,,,265.0,1200000,18.163541666666667
18213,,,292.0,1200000,25.511553333333335
18212,,,325.0,1000000,77.95774999999999
21234,,,83.0,113400,57.30952380952381
22418,,,168.0,300000,20.853279999999998
22419,,,202.0,600000,33.00377
25398,,,126.0,300000,21.0525
25399,,,118.0,300000,13.589273333333333
25400,,,88.0,300000,10.969786666666668
25401,,,92.0,180000,2.6087111111111114
31452,,,203.28,388244,16.01342331111363
31453,,,282.0,359176,22.153239637392254
31454,,,290.2,388244,92.49469096753587
31455,,,409.34,573440,53.1219728655134
31456,,,126.62,184676,13.907384175529033
31457,,,183.82,374680,7.9115013344720815
31458,,,99.01,190068,25.176527926847236
31459,,,214.52,187340,30.71114764599125
31460,,,433.5,385528,24.60706874727646
31461,,,183.18,366928,5.1969427244582045
31875,,,132.55,191416,85.60670868683914
31876,,,376.38,364344,21.627614781634936
31877,,,320.5,388244,32.0760861726131
31878,,,316.72,366928,64.44315636855188
31462,,,301.26,765700,49.68567041922424
31463,,,443.08,1247246,56.675344751556636
31464,,,371.74,1184820,36.689252696612144
31465,,,57.14,356356,4.144764954146976
31466,,,268.0,854360,34.79802893393886
31467,,,400.33,1247246,94.96060265577118
31468,,,76.4,394940,14.467909049475871
31469,,,71.54,356356,20.02684764673529
31470,,,591.72,1579760,62.04677275029119
31471,,,73.98,397536,13.652772880946632
31866,,,142.44,274040,14.00074383301708
32065,,,50.0,15000,38.666666666666664
30211,,,99.0,200000,19.8
32214,,,123.0,130000,28.384615384615387
32181,,,157.0,340000,45.2760294117647
32179,,,40.0,80000,40.0
32188,,,43.0,150000,22.073333333333334
32187,,,45.0,150000,36.9
32216,,,283.0,300000,95.27666666666667
32220,,,295.0,302000,41.739569536423836
32221,,,63.0,150000,34.86
32195,,,250.0,600000,38.83333333333333
32198,,,266.0,310000,72.93548387096774
32228,,,294.0,420000,36.3104
32236,,,140.11,375000,61.10626770666667
32257,,,191.0,600000,63.55843333333333
32259,,,263.0,450000,93.88223333333333
32273,,,270.0,40000,77.625
32272,,,150.0,100000,18.0
32271,,,110.0,100000,3.85
32203,,,200.0,100000,40.0
32246,,,193.0,200000,62.46444999999999
32244,,,158.0,150000,35.81333333333333
32231,,,55.0,150000,11.403333333333334
32296,,,585.0,300000,88.53
32260,,,107.0,75000,39.94666666666667
32299,,,97.0,180000,21.555555555555557
32213,,,170.0,220000,23.18181818181818
32227,,,100.0,250000,12.0
32309,,,40.0,250000,80.0
32335,,,200.0,50000,24.0
32305,,,217.5,600000,29.01595
32306,,,463.0,1050000,61.37924857142857
32351,,,150.0,20000,26.25
32355,,,50.0,300000,0.03333333333333333
32370,,,98.0,100000,78.4
32398,,,580.0,450000,87.47817777777779
32399,,,148.0,350000,10.994285714285715
32498,,,64.0,100000,13.44
32251,,,10.0,180000,0.0
32248,,,69.0,110000,28.22727272727273
32505,,,80.0,75000,10.218666666666666
32211,,,108.0,360000,34.53
32212,,,118.0,360000,28.057777777777776
32247,,,86.0,300000,31.533333333333335
31472,,,452.09,966840,83.69397720408755
31473,,,212.18,397056,24.4197026615893
31474,,,338.1,773472,39.93221383579496
31475,,,284.28,777568,32.59300501049426
31476,,,421.15999999999997,1174020,48.198322106948766
31477,,,233.43,264704,43.45242164833172
31478,,,172.22,405484,13.69107461700092
31479,,,414.06,364224,48.857452062467054
31480,,,235.48,355368,26.622768397829855
31481,,,176.66,364224,30.02391566728167
32642,,,154.34,300696,22.88235141139224
32643,,,49.0,500000,44.1
32219,,,500.0,100000,10.0
32670,,,285.0,50000,2.85
32677,,,265.0,20000,69.5625
32678,,,450.0,20000,1.125
32252,,,185.0,495000,44.17575757575757
32682,,,2440.0,480000,59.983333333333334
32697,,,183.0,750000,78.07341199999999
32696,,,262.58,1000000,55.88201302
32726,,,298.0,10000,5.96
32729,,,236.0,10000,35.4
32730,,,236.0,20000,29.5
32731,,,243.0,25000,1.944
32734,,,210.0,10000,56.699999999999996
32218,,,307.0,294000,46.050000000000004
31442,,,304.0,168633,47.31448767441722
31443,,,349.79999999999995,484068,23.016352661196358
31444,,,314.31,518238,23.119074421404836
31445,,,249.78,322712,29.890441136369272
31446,,,200.0,176859,3.8946279239394097
31447,,,167.6,169702,9.743795594630585
31448,,,363.99,472995,31.070299368915105
31449,,,211.12,322712,13.54467289719626
31450,,,334.44,481221,40.12618377003497
31451,,,333.69,467376,25.791263479511144
32638,,,331.56,492414,34.361675175766734
32639,,,212.76,320814,15.924470627840432
32640,,,130.71,136318,15.234381959829221
32800,,,275.0,140000,0.19642857142857145
32832,,,296.0,390000,50.851282051282055
32892,,,47.0,400000,48.175000000000004
30344,,,172.0,3000,37.266666666666666
30345,,,1330.0,72000,64.8375
32210,,,110.0,130000,42.30769230769231
32938,,,65.0,175000,11.142857142857142
32939,,,65.0,85000,11.470588235294118
32368,,,500.0,450000,96.66666666666667
32953,,,165.0,1800000,71.5
32338,,,215.0,330000,58.24545454545454
32249,,,160.0,70000,57.14285714285714
32234,,,291.0,1000000,49.7319
32458,,,200.0,40000,52.75
32226,,,72.0,90000,8.0
32251,,,74.0,100000,14.799999999999999
32191,,,72.0,125000,16.22016
32192,,,67.0,125000,12.2208
32790,,,300.0,12000,42.5
32227,,,223.0,440000,12.670454545454547
33163,,,120.0,60000,50.0
32324,,,76.0,300000,96.26666666666667
30607,,,514.5,1500000,44.480583
30610,,,111.0,200000,45.224175
23684,,,98.0,70000,81.62
32245,,,98.0,200000,39.75027000000001
32250,,,81.0,150000,16.2
33297,,,305.0,300000,76.25
33317,,,100.0,450000,37.77777777777778
23082,,,230.0,80000,46.359375
33358,,,113.0,210000,80.71428571428572
30609,,,160.0,330000,32.32969696969697
30608,,,473.3,1050000,27.743042952380954
33481,,,596.0,200000,90.89
33516,,,123.0,340000,72.35294117647058
33537,,,51.0,250000,73.44000000000001
32198,,,64.0,125000,47.104
32291,,,340.0,416000,33.10096153846154
32233,,,124.0,200000,43.4
32232,,,124.0,150000,41.333333333333336
32184,,,51.0,100000,25.8927
32185,,,52.0,100000,1.3
32339,,,42.0,25000,1.68
32400,,,129.0,200000,37.651875000000004
33847,,,28.0,136466,81.66136620110504
32231,,,200.0,130000,34.61538461538461
30386,,,91.0,695000,49.51971223021583
30387,,,84.0,640000,51.043125
30394,,,82.0,685000,44.627153284671536
30392,,,92.0,685000,45.34189781021898
30388,,,85.0,695000,41.43597122302158
33932,,,32.0,125000,92.9024
33943,,,30.0,179220,89.92299966521593
32215,,,339.0,1520000,27.6476802631579
33965,,,438.0,1375000,24.879355636363638
32340,,,60.0,30000,2.7
33945,,,357.0,1000000,38.35965
32301,,,184.0,80000,25.990000000000002
32228,,,41.0,150000,15.880666666666668
30390,,,110.0,638000,50.63793103448276
32213,,,140.0,200000,4.9
32957,,,84.0,170000,54.352941176470594
34187,,,120.0,188000,8.425531914893616
34186,,,213.0,360000,26.625
34194,,,244.0,74380,81.5356278569508
1,,,144.0,168000,20.815714285714286
2,,,270.0,252000,20.110714285714284
3,,,736.0,1188000,40.60390572390572
4,,,270.0,396000,23.573863636363637
25771,,,265.0,375000,55.15533333333333
25772,,,284.0,375000,42.2592
25773,,,250.0,375000,50.13333333333333
25774,,,277.0,375000,59.79506666666666
32183,,,96.5,200000,5.090375
32273,,,165.0,50000,66.0
18209,,,530.0,3200000,57.48148125
32677,,,240.0,30000,26.400000000000002
24014,,,237.0,440000,70.91955681818183
32354,,,62.0,150000,41.333333333333336
34395,,,71.0,160000,16.8625
20729,,,139.0,99985,21.23404510676602
20733,,,187.0,107445,41.63619526269254
33946,,,386.0,1000000,18.639940000000003
32189,,,58.5,180000,8.171149999999999
34229,,,100.0,70000,21.428571428571427
34459,,,160.0,170000,27.294117647058826
30787,,,149.0,834000,24.62144604316547
34470,,,388.1,3001600,70.31920492404052
18210,,,485.0,2000000,50.69705000000001
31820,,,332.0,1600000,89.16939
22418,,,675.0,2250000,41.543400000000005
25399,,,497.0,1400000,68.04569000000001
25400,,,623.0,1800000,84.53625444444445
33169,,,1200.0,300000,0.0
5,,,360.0,288000,32.4375
6,,,516.0,384000,31.7125
7,,,517.0,384000,35.893802083333334
8,,,478.0,384000,35.47033854166667
34588,,,200.0,125000,16.0
32214,,,130.0,150000,37.266666666666666
32300,,,103.0,100000,17.51
24266,,,361.5,935476,74.73639088549572
33360,,,98.0,400000,73.5
24265,,,261.0,345368,71.67962868592342
18211,,,684.0,2400000,94.83488999999999
34309,,,262.79999999999995,410436,85.19121129725463
34310,,,394.79999999999995,326244,68.17912973112149
34311,,,185.2,168384,47.01381366400608
34312,,,212.0,221004,62.532153264194314
32399,,,100.0,150000,5.333333333333334
24570,,,447.0,75000,74.202
26400,,,306.0,300000,73.899
25401,,,392.0,940000,74.02502978723405
18213,,,666.0,2400000,97.59897
33330,,,500.0,330000,75.75757575757575
16865,,,64.0,60000,34.58773333333333
30344,,,1020.0,24000,93.5
32295,,,500.0,200000,54.75
32294,,,285.0,132000,47.5
32296,,,250.0,110000,33.29545454545455
32800,,,200.0,40000,30.0
32269,,,250.0,70000,42.857142857142854
32219,,,125.0,100000,25.624999999999996
33481,,,900.0,417000,44.89208633093525
33480,,,175.0,74000,37.36486486486486
31246,,,290.0,358400,85.7255859375
31247,,,285.0,505344,85.73788350113982
31249,,,527.0,2257920,77.01404611323697
31250,,,709.0,2159360,77.22346204430944
31251,,,866.0,3851008,71.77260862610517
31252,,,500.0,2257920,77.76626275510205
31253,,,504.0,1068032,74.25755033557047
32336,,,352.0,25000,8.448
32216,,,212.0,100000,95.39999999999999
32251,,,314.0,800000,70.493
31254,,,969.0,3221532,74.56699017734418
31255,,,496.0,1615707,72.18784098849605
31256,,,1164.0,3585519,66.5201941476255
31257,,,963.0,3389526,40.836625829098224
31258,,,1352.0,4446900,62.96807214014256
34428,,,204.4,232624,22.546701974000964
34431,,,200.0,247632,19.165535956580733
34432,,,209.8,247632,21.951597531821417
34434,,,231.4,232624,24.51035146846413
34430,,,228.2,225120,2.29092039800995
34429,,,240.8,225120,30.966417910447763
34427,,,233.8,232624,29.05615069812229
32259,,,283.0,450000,32.453811111111115
32306,,,59.5,175000,21.20478
32319,,,50.0,500000,45.0
35494,,,220.0,200000,49.5
32248,,,65.0,80000,32.5
32249,,,140.0,80000,32.2
35534,,,70.0,176800,26.44796380090498
32272,,,160.0,50000,13.44
32271,,,160.0,70000,9.828571428571427
35546,,,79.0,250000,18.96
31443,,,483.24,1742400,65.1508694214876
32724,,,280.0,20000,19.6
32725,,,280.0,20000,19.6
33007,,,226.0,125000,19.888
33291,,,226.0,125000,85.96136
32192,,,138.0,100000,36.273300000000006
32678,,,335.0,30000,2.2333333333333334
32206,,,250.0,15000,65.0
35754,,,54.0,250000,58.32000000000001
35757,,,185.0,350000,97.31
35760,,,52.0,250000,22.88
33318,,,85.0,500000,71.39999999999999
32246,,,143.0,400000,87.373
32505,,,65.0,135000,5.777777777777778
32250,,,74.0,135000,21.925925925925927
32244,,,65.0,135000,7.222222222222221
32247,,,207.0,400000,82.8
32939,,,175.0,80000,67.8125
33536,,,90.0,500000,45.0
33362,,,54.0,400000,54.0
34576,,,53.0,250000,63.6
32211,,,48.0,180000,32.0
32212,,,55.0,180000,27.500000000000004
32218,,,69.0,147000,14.081632653061224
32217,,,178.0,500000,21.36
24005,,,280.0,771120,66.95606390704431
23996,,,215.0,737100,79.51528964862298
27610,,,255.0,828450,62.85844649646931
32677,,,300.0,20000,7.5
34235,,,450.0,20000,45.0
34233,,,475.0,15000,63.33333333333333
30310,,,165.0,686640,2.873514505417686
33356,,,345.0,1235952,68.80337585925666
24002,,,220.0,686640,63.231416754048695
12086,,,245.0,600000,27.611908333333336
32729,,,230.0,22800,5.0438596491228065
32730,,,230.0,27600,5.0
32961,,,250.0,27800,17.985611510791365
32728,,,650.0,10000,19.5
34535,,,250.0,25000,52.0
32794,,,1000.0,20000,15.0
34288,,,900.0,23000,3.91304347826087
23997,,,310.0,864000,77.1508912037037
23998,,,287.0,864000,83.4352847222222
31445,,,552.6800000000001,1742400,63.03038806244262
31446,,,799.02,797850,81.13881105470954
31447,,,468.28,1742400,57.60779269972451
32638,,,572.6,2323200,59.021030905647386
32639,,,115.46,460980,1.4103762853052193
32640,,,415.1,1465200,61.72246894621893
35999,,,777.25,35000,54.4075
32938,,,175.0,175000,30.0
23994,,,110.0,131000,4.366412213740458
12088,,,150.0,223000,16.70044843049327
12087,,,187.0,446000,61.39386098654709
23993,,,162.0,446000,51.39468161434978
33521,,,500.23,3301686,86.44257100766094
33522,,,537.0,2554601,84.32321916416694
33524,,,423.5,2541231,95.70796594249008
33525,,,531.0,2554601,85.62990032494311
33530,,,570.3,3669057,99.85643984271707
32717,,,250.0,100000,22.5
32718,,,250.0,80000,9.375
36090,,,94.9,457488,14.359835667820796
36117,,,81.0,436320,16.289851485148514
36089,,,85.3,436320,16.88326916024936
36088,,,81.9,468640,16.569266174462275
36086,,,89.5,509040,87.89299465660851
36091,,,95.0,500960,17.08183288086873
36093,,,80.4,492936,15.111453819562785
36092,,,62.0,379400,79.73062730627306
36096,,,78.3,451950,12.623113840026551
36097,,,88.3,451950,13.215009846221925
36098,,,76.9,492936,12.304349449015694
36099,,,74.0,458480,12.714674576862675
36100,,,76.3,458480,12.51790634269761
36094,,,79.2,450072,97.96159014557672
36101,,,72.3,492936,78.06304347826087
36104,,,81.9,383358,15.696442489787616
36103,,,81.9,332526,15.726772342613812
36087,,,98.9,509040,17.449524005972027
32636,,,83.0,540000,46.111111111111114
36234,,,70.0,111000,69.36936936936937
36235,,,80.0,111000,57.65765765765766
32228,,,175.0,181594,28.428802713746048
32400,,,285.0,175000,45.6
30609,,,588.0,810000,43.01691851851852
30607,,,691.0,810000,86.79471851851854
30608,,,744.0,810000,59.97742222222222
30610,,,862.0,950000,68.9409452631579
36294,,,183.0,663840,51.09521872740419
36293,,,168.0,1020600,55.97530864197531
35496,,,172.2,1137780,47.84090070136581
32629,,,32.0,540000,32.0
33365,,,47.0,220000,51.272727272727266
33335,,,1000.0,300000,20.0
33361,,,108.0,400000,81.0
23999,,,299.0,1440000,46.931164583333334
31457,,,517.16,1971200,72.19330071022728
31458,,,588.76,1689600,85.77371803977273
31459,,,107.54,563200,17.421594566761364
31460,,,739.47,2252800,77.21533397993608
31461,,,594.98,1890000,92.05410934391534
31877,,,173.22,945000,4.07296126984127
31875,,,670.78,1689600,93.617401171875
36583,,,338.20000000000005,1126400,67.15149556107956
32196,,,105.0,145000,3.6988965517241374
32197,,,51.08,145000,5.854120275862069
36656,,,75.0,35000,43.92857142857143
35565,,,260.92,420000,58.723773428571434
35566,,,540.13,1050000,74.81983641904762
35562,,,516.6,1350000,92.79858000000002
35567,,,628.26,1200000,75.06293414999999
35568,,,584.57,900000,76.1369948888889
36811,,,1271.0,2808423,89.09463246811467
36812,,,1276.2,3120160,91.1920846366853
36813,,,1699.8,4056611,92.15249261021083
36820,,,1598.0,2856700,91.91730458221025
36822,,,999.0,2283344,72.7204433497537
36824,,,1216.3,2282693,93.14391834556814
36825,,,1228.2,3261920,95.14754610781381
36826,,,1136.0,2401776,91.31510682095248
36827,,,1509.0,3432517,93.52852178153815
36834,,,1038.0,2389604,83.13021236991568
36836,,,1083.0,2283344,97.16219544667821
36840,,,1428.8,2935728,99.56096096096095
31462,,,454.24,1332800,98.28802040816325
31464,,,67.04,730620,0.4820948783225206
31465,,,353.46999999999997,1826550,62.667654310038046
31466,,,310.74,1461240,71.41465451260574
31470,,,1070.0,1048500,86.01024320457796
31866,,,423.0,612540,86.30777255362915
13249,,,492.2,1400000,94.32661428571427
33480,,,454.0,60000,89.28666666666668
33481,,,454.0,50000,9.08
37128,,,298.3,1712880,58.529759119144366
33945,,,473.3,2400000,67.73080766666666
33946,,,779.4,3200000,90.99665493749998
34032,,,247.0,100000,86.45
34033,,,332.0,140000,92.72285714285714
24266,,,228.0,224000,87.53571428571428
33502,,,113.0,500000,85.88
33539,,,200.0,300000,83.33333333333334
1,,,461.0,826000,66.20484624697337
2,,,427.0,826000,39.67429661016949
3,,,511.0,1536000,47.51934049479166
4,,,545.0,960000,65.26091145833334
34490,,,125.0,325000,66.96153846153847
34491,,,125.0,325000,56.80769230769231
34492,,,129.0,326000,50.29417177914111
34493,,,120.0,237000,40.962025316455694
34494,,,130.0,237000,49.970464135021096
5,,,908.0,1980000,42.64068888888889
6,,,960.0,1980000,45.03515151515152
7,,,781.0,1260000,35.12206587301587
8,,,909.0,1800000,51.238815
36804,,,259.0,450000,82.06846666666667
36805,,,298.0,375000,61.711429333333335
36802,,,241.0,250000,41.794219999999996
33358,,,300.0,330000,27.27272727272727
37506,,,800.0,400000,60.0
37588,,,361.79,1931040,96.24239016281382
37589,,,267.75,1609200,61.64972035794183
37037,,,215.0,120000,26.875
37060,,,480.01,960000,72.69701448958332
37061,,,467.26,960000,70.588384125
37062,,,379.32,720000,58.59334966666666
37793,,,270.0,25200,34.285714285714285
34575,,,200.0,350000,85.71428571428571
35534,,,481.0,1017600,98.03400157232704
30344,,,1171.0,24000,99.29104166666669
38343,,,248.0,520000,83.24024615384616
38364,,,457.21999999999997,720000,69.50760044444444
38366,,,121.55,240000,65.85021895833333
38367,,,134.18,240000,64.03684591666668
38368,,,185.0,240000,24.261208333333332
38369,,,185.0,240000,18.376666666666665
38370,,,200.0,240000,0.0
38371,,,101.66,240000,0.0
38253,,,979.0,3900000,83.5782341025641
38260,,,1034.0,3575000,84.05508923076923
38262,,,916.0,3575000,97.25460251748251
38265,,,987.0,3575000,97.40323384615385
34025,,,694.0,100000,79.116
38463,,,250.0,35000,50.0
38470,,,700.0,200000,89.95
37103,,,415.0,450000,59.483333333333334
38465,,,250.0,120000,78.125
38464,,,230.0,120000,76.66666666666667
38473,,,60.0,30000,16.0
38504,,,228.0,200000,12.540000000000001
37073,,,130.0,75000,15.079999999999998
37258,,,121.0,23800,31.521008403361346
38462,,,550.0,1000000,8.799999999999999
38466,,,380.0,200000,79.80000000000001
38475,,,130.0,120000,32.71666666666667
37074,,,350.0,100000,38.5
35864,,,250.0,75000,10.0
36969,,,600.0,675000,83.37777777777777
38476,,,160.0,40000,68.0
25579,,,370.0,846000,83.98737588652483
25578,,,446.0,846000,61.55221749408983
33025,,,600.0,2352000,52.256887755102056
35913,,,373.0,1152000,85.80845572916667
38479,,,75.0,50000,37.5
37102,,,150.0,50000,66.0
38467,,,1000.0,100000,20.0
38482,,,300.0,72000,62.5
37101,,,200.0,75000,24.0
37100,,,250.0,75000,56.666666666666664
38699,,,321.0,120000,36.1125
38700,,,519.0,240000,75.6875
38502,,,1100.0,600000,63.24999999999999
38599,,,87.0,100000,81.79740000000001
36139,,,340.0,200000,68.0
38590,,,110.0,50000,55.00000000000001
38591,,,110.0,50000,55.00000000000001
38722,,,100.8,227290,76.09781336618417
38723,,,229.1,898464,86.47985439594686
38725,,,183.0,825328,85.1809159509916
38726,,,172.9,853148,79.49061428966604
38730,,,373.6,1335095,94.26810346829254
38737,,,211.8,1017792,70.38149759479344
38738,,,210.6,1028136,72.91613483041154
38739,,,221.9,835592,68.36210662620036
38748,,,72.6,115662,52.54276080302952
38760,,,30.8,305760,3.7895604395604394
38761,,,32.6,255840,8.612546904315197
38763,,,322.46,1483040,57.56853784119106
30609,,,169.5,250000,74.0376
30607,,,172.0,250000,50.29280000000001
38514,,,500.0,20000,50.0
26021,,,234.0,400000,70.551
36656,,,103.0,70000,31.635714285714283
24569,,,310.0,369600,75.15151515151514
38949,,,73.0,280000,49.53571428571429
38481,,,220.0,35000,94.28571428571428
39087,,,351.0,90000,87.75
39153,,,143.3,900000,69.767038
39155,,,133.8,900000,63.98494400000001
39157,,,128.82,900000,48.2018676
39009,,,3915.0,78400000,68.72957276785714
39010,,,1656.0,13800000,46.65468
37103,,,320.0,200000,52.800000000000004
37037,,,292.0,100000,75.92
37801,,,450.0,60000,71.25
38504,,,756.0,400000,88.263
39011,,,992.0,9000000,42.0608
36526,,,96.2,280000,19.377428571428574
34490,,,613.8,2146680,51.32784839845716
34491,,,302.6,1290168,5.767883872487924
34492,,,58.7,330204,7.5750881273394635
34493,,,410.0,680184,11.093527633699118
34494,,,40.4,284616,2.545369199201731
39614,,,250.0,225000,85.0
39615,,,80.0,75000,90.66666666666666
38741,,,119.8,230826,5.838813651841647
38742,,,234.3,923304,75.71463180057705
38743,,,77.0,228344,9.207870581228322
38744,,,85.85,230826,14.998998379731917
38749,,,315.15,1794170,94.34106773605622
38750,,,75.57,199652,6.578858063029671
38751,,,65.0,221236,13.465620423439223
38752,,,284.18,1054850,83.73725979997157
38754,,,364.82,1241080,74.07249922648016
38755,,,198.4,312968,4.602336341095575
38757,,,120.0,164606,60.14361566407057
34454,,,180.0,900000,13.8
38482,,,230.0,75000,82.8
38465,,,150.0,80000,93.75
39811,,,121.0,144000,81.50694444444444
36139,,,50.0,110000,19.318181818181817
39865,,,100.5,1200000,64.4875
39658,,,89.0,76000,17.56578947368421
33328,,,60.0,700000,58.285714285714285
39879,,,320.0,500000,70.39999999999999
38036,,,113.0,270000,32.22592592592592
36377,,,74.0,580000,91.86206896551724
39889,,,82.0,220000,67.0909090909091
38033,,,70.0,500000,63.0
35753,,,105.0,540000,88.47222222222221
39899,,,45.0,300000,52.5
39907,,,342.0,3000000,33.5787
39916,,,23.0,600000,42.16666666666667
39917,,,200.0,300000,100.0
39919,,,51.0,600000,59.185500000000005
39921,,,100.0,1000000,54.0
36969,,,300.0,300000,51.0
38592,,,130.0,125000,26.0
38474,,,500.0,30000,58.333333333333336
37102,,,220.0,80000,74.25
37681,,,235.0,80000,47.0
40078,,,193.0,130000,0.0
38462,,,70.0,200000,21.0
36968,,,520.0,600000,64.56666666666668
38466,,,170.0,150000,39.666666666666664
38467,,,210.0,150000,33.6
38468,,,120.0,170000,38.82352941176471
37708,,,182.0,330000,41.70557575757576
37706,,,191.0,330000,48.861272727272734
37707,,,167.0,330000,61.10428787878788
38731,,,220.0,304800,0.0721784776902887
38732,,,200.9,280416,30.735086442998977
38734,,,170.0,277368,8.862594098814572
38735,,,243.0,341376,0.0
38736,,,171.8,701040,51.606657537373046
38753,,,299.7,451104,57.52780511811023
38756,,,204.3,530352,75.18334917187076
38758,,,248.56,481584,7.933951958536828
38759,,,588.0,362712,0.0
38476,,,130.0,25000,36.4
39070,,,460.0,496200,91.17492946392584
39071,,,100.0,112000,50.89285714285714
38790,,,200.0,50000,60.0
37801,,,150.0,75000,42.0
34025,,,389.0,350000,79.87837142857144
38481,,,1060.0,60000,88.33333333333333
38459,,,247.0,100000,76.4465
38475,,,180.0,90000,67.60000000000001
40300,,,350.0,500000,60.9
40302,,,76.0,360000,58.68888888888889
38591,,,140.0,50000,40.6
37073,,,160.0,50000,64.0
40431,,,70.0,500000,91.0
37038,,,420.0,225000,41.06666666666667
40440,,,81.0,500000,57.7692
40309,,,104.0,250000,79.03999999999999
38590,,,150.0,50000,30.0
7382,,,494.0,604098,13.206632036523875
35864,,,130.0,93000,69.89247311827957
7385,,,203.0,302049,13.038281868173707
7384,,,392.0,750546,52.80315930002958
7383,,,244.0,216621,43.92925893611423
7387,,,153.0,275000,0.8345454545454545
7388,,,213.0,302049,63.25496856470308
40581,,,180.0,400000,74.25
33475,,,41.0,250000,65.60000000000001
38700,,,210.0,100000,25.515
39087,,,240.0,100000,28.799999999999997
38463,,,400.0,120000,38.666666666666664
38791,,,640.0,300000,32.74666666666667
38480,,,362.0,230000,81.81199999999998
37103,,,160.0,100000,32.0
33474,,,41.0,175000,50.488571428571426
29433,,,102.0,85000,78.36
38461,,,670.0,425000,87.17882352941176
40891,,,276.0,379988,84.90899712622505
39671,,,272.0,221660,50.61806370116394
39672,,,282.0,332490,83.8985834160426
39673,,,211.5,332490,52.94338175584228
39675,,,341.0,443320,77.32728051971488
39676,,,294.0,443320,80.67558422809708
40252,,,100.0,100000,12.0
41057,,,131.0,100000,58.813759999999995
40305,,,110.0,560000,33.39285714285714
32180,,,50.0,200000,21.25
41172,,,100.0,280000,75.0
41173,,,46.0,280000,87.07142857142857
38737,,,359.79999999999995,1283440,84.47915835566913
38738,,,341.9,1336040,74.8730905511811
38739,,,392.8,1407050,83.48811087026048
38740,,,171.6,568080,26.996007604562738
13249,,,93.1,399416,40.46680904120015
13250,,,71.0,399416,23.52114086566387
13251,,,77.6,399416,27.941875137701043
13252,,,121.8,399416,14.17019448394656
40726,,,304.6,2047000,69.65414831460676
40727,,,293.0,2047000,73.54113922813875
40730,,,352.5,3132600,88.45368942731278
41237,,,113.0,75000,93.41333333333334
41316,,,78.0,25000,34.32
41319,,,307.0,2070000,98.09688164251209
40488,,,282.0,487305,81.633330255179
40313,,,36.9,250000,44.28
41445,,,84.0,600000,19.6
38746,,,280.7,2161208,26.26338034099448
38747,,,60.010000000000005,320740,11.614331732867743
38748,,,185.70000000000002,350336,65.17596336088785
30344,,,1143.0,49500,82.43454545454547
30343,,,923.0,31500,94.64412698412697
30345,,,2603.0,252000,90.02041666666668
7364,,,104.0,300000,38.11946666666666
7365,,,47.6,300000,10.538640000000001
7367,,,77.5,300000,22.09525
25579,,,182.0,988288,84.18453932456936
25578,,,198.0,582384,81.88259292837715
33025,,,267.5,2029520,78.30838695849265
41583,,,52.0,150000,30.93826666666667
41584,,,61.0,150000,26.40283333333333
41588,,,45.0,150000,17.778
7368,,,116.0,300000,11.880333333333333
7370,,,95.2,300000,31.68573333333333
7369,,,61.0,280000,6.882760714285714
7371,,,79.6,220000,19.176363636363636
40461,,,130.0,525000,23.697142857142858
33165,,,52.0,700000,47.409142857142854
41856,,,305.5,1510960,83.59578777730717
41857,,,184.0,648824,62.092598300925985
41858,,,244.0,1111000,69.72733753375337
41859,,,258.0,1111000,71.68173537353736
41860,,,182.0,684376,55.78586040422224
41850,,,256.0,1181600,91.08582261340555
41851,,,286.0,1159200,85.1772739820566
41852,,,140.0,249200,61.258426966292134
41853,,,258.0,1159200,89.24859213250517
41854,,,138.0,532000,85.33847368421053
41855,,,156.0,590800,83.1798442789438
41963,,,85.0,500000,30.175
39677,,,187.0,116656,64.809439720203
39678,,,114.0,71008,74.3324695808923
39679,,,242.0,142016,76.51109734114466
39680,,,220.0,142016,72.03413699864804
39681,,,230.0,142016,69.88297093285264
39682,,,225.0,142016,77.42613508337088
41995,,,466.0,71008,0.0
41996,,,199.0,142016,70.76315344749887
41998,,,237.0,142016,91.95231523208652
41999,,,115.0,71008,63.16189725101397
42000,,,224.0,187664,79.85335493221929
24265,,,96.0,130000,18.83076923076923
39918,,,42.0,300000,0.0602
37037,,,395.0,150000,65.83333333333333
39875,,,36.0,500000,54.0
38248,,,367.0,650000,56.05388615384616
38249,,,365.0,650000,55.9646076923077
38250,,,371.0,650000,77.04642615384614
38252,,,310.0,650000,76.59432307692308
38253,,,331.0,650000,58.86554923076923
38258,,,315.0,650000,60.994661538461536
38260,,,366.0,650000,94.2258553846154
38262,,,366.0,650000,51.69665538461538
38265,,,351.0,650000,90.60012
39152,,,479.58,2027970,95.48039870412283
39154,,,541.65,2145420,73.9655640853539
39156,,,347.82,1029645,81.23755325379136
39158,,,486.2,1696500,97.01015478927204
39159,,,522.12,2059290,89.20529312530047
42270,,,62.0,9820,21.213849287169044
42271,,,305.0,19640,40.889256619144604
42272,,,305.0,19640,42.162678207739305
42273,,,305.0,19640,45.641293279022406
42343,,,409.0,400000,57.934850000000004
42366,,,65.0,400000,94.25
40615,,,83.0,170000,37.80405882352941
42367,,,184.0,609000,92.85504105090313
41172,,,135.0,340000,67.5
42223,,,305.0,300000,54.961000000000006
42390,,,175.0,73200,51.87841530054644
42393,,,157.0,103200,28.281298449612397
38741,,,202.6,592696,28.918294370132408
38743,,,351.0,834834,18.544893954965897
38744,,,233.0,585468,60.66569137852112
38745,,,188.2,484276,29.944830633770824
40441,,,44.0,800000,35.75
39071,,,300.0,120000,50.0
38465,,,160.0,100000,64.0
40434,,,150.0,300000,90.0
42444,,,335.0,154080,63.92133956386294
42448,,,340.0,154080,56.71079958463135
33475,,,70.0,200000,80.5
38157,,,421.0,1600000,74.75381250000001
38158,,,442.0,1400000,90.86257142857143
42500,,,155.0,1200000,49.083333333333336
39929,,,80.0,520000,95.38461538461539
37103,,,312.0,170000,45.88235294117647
42580,,,213.0,90000,8.52
32402,,,35.0,400000,83.125
38590,,,120.0,72500,30.786206896551725
33329,,,52.0,300000,90.13333333333333
36139,,,130.0,75000,52.0
42624,,,35.0,400000,46.375
38459,,,140.0,40000,81.025
38591,,,110.0,47500,42.37894736842105
39810,,,57.0,100000,74.84100000000001
39811,,,87.0,125000,87.696
36656,,,248.0,40000,56.42
37073,,,180.0,50000,90.0
36969,,,200.0,150000,89.33333333333333
37074,,,360.0,100000,57.599999999999994
41483,,,357.29999999999995,1354320,87.9726461988304
41484,,,366.9,1550340,74.65132551569333
41485,,,132.2,336700,66.64262073062072
39889,,,296.0,300000,29.599999999999998
38750,,,91.8,129624,50.980642473616
38751,,,85.0,145336,70.54012770407883
38753,,,81.25,143372,60.05003592054238
38755,,,189.2,404584,62.330444110493744
38757,,,285.0,282816,18.04830702647658
38758,,,182.5,306384,57.09617669329992
38759,,,167.5,463504,70.60018899513273
37102,,,116.0,40000,43.5
32199,,,16000.0,160000,10.0
42795,,,80.0,300000,87.2
42796,,,93.0,400000,58.12500000000001
38461,,,200.0,69000,73.18840579710145
38482,,,135.0,60000,81.0
42274,,,149.0,9820,25.232892057026472
42275,,,150.0,9820,26.945010183299388
42276,,,149.0,9820,21.029938900203664
42277,,,152.0,9820,30.461914460285133
42278,,,150.0,9820,38.29429735234216
42865,,,239.36,477180,89.39658091286307
42866,,,315.07,488025,77.45289257722453
42867,,,315.32,1522638,88.7382270769546
42838,,,323.3,1522638,94.3249754702037
42839,,,574.8199999999999,2537730,83.57408443766673
42840,,,392.7,1867509,93.85032666509238
42841,,,350.63,1483596,88.06305587909377
42842,,,449.1,1431540,83.60273481705018
42843,,,444.0,1856664,85.62022207572292
42844,,,402.42,1392498,88.09701705855234
42909,,,459.0,2638090,38.48508883320888
42910,,,338.0,1238328,89.06342907533384
42911,,,381.0,1137864,85.58959155048407
42912,,,631.5,1931020,86.75235419622788
42913,,,559.5,1573208,32.958835068217304
42914,,,643.0,2366364,85.18629678274348
42915,,,525.0,1041400,85.90359131937775
42916,,,300.0,380580,27.017184297650953
42917,,,429.5,902000,79.8450975609756
42918,,,429.1,1041400,78.6059777222969
42826,,,429.0,1131420,68.96032242668505
42827,,,585.0,1583988,73.76817248615521
42828,,,599.0,1357704,83.92681320818086
42829,,,372.0,1121040,84.24619995718263
42830,,,537.0,1345248,74.09114081567117
42831,,,511.0,1357704,81.15417867222901
42832,,,459.0,1583988,88.34512950855688
42833,,,598.0,1656648,76.4173197927381
42950,,,80.0,100000,92.80000000000001
33946,,,514.0,2943000,84.4832266394835
41486,,,406.8,2293200,95.32658712715856
41488,,,417.9,1664928,78.10976618808742
42894,,,57.0,175000,4.234285714285714
43008,,,118.0,440000,14.642727272727274
37038,,,580.0,300000,81.58666666666666
37101,,,100.0,134000,39.92537313432835
37100,,,115.0,134000,68.65671641791045
40303,,,95.0,390000,86.47435897435898
1,,,198.0,230000,26.4476347826087
4,,,171.0,350000,36.01944
36377,,,80.0,210000,95.23809523809523
29309,,,128.88,600000,36.45156
35069,,,129.24,600000,39.00894
34799,,,214.16,900000,43.02236444444444
34798,,,125.79,600000,35.89208000000001
38463,,,540.0,150000,54.0
38791,,,550.0,420000,85.70833333333333
38760,,,266.6,433016,19.679647865205908
38761,,,137.6,182020,1.4650521920668058
38762,,,92.0,201180,8.368625111840142
38763,,,164.0,524984,13.657711473111561
38764,,,113.3,287400,2.9618054975643697
40389,,,60.0,250000,72.0
37209,,,535.0,300000,74.00833333333333
35781,,,96.0,250000,57.599999999999994
42795,,,64.0,300000,48.0
43235,,,289.5,2247700,64.88808203941807
43236,,,142.5,899080,75.54522400676247
43237,,,278.5,2356120,56.35827143778756
43238,,,209.5,1378644,53.97195722753661
43239,,,360.5,3146780,78.51361391644791
43240,,,184.0,1309272,48.72035757275799
43241,,,141.0,872848,58.57139043682291
43242,,,219.5,1745696,55.2063191414771
43244,,,159.0,1309272,62.17005022638536
43243,,,173.0,1309272,64.51665123824537
43245,,,151.5,1503000,56.94736826347305
43246,,,220.0,2004000,73.3705489021956
43247,,,161.0,1503000,64.1867258815702
43248,,,108.0,1074418,62.998609479736935
43249,,,156.0,1575897,61.222815958149546
43250,,,434.0,3132918,45.60374704987491
43251,,,170.0,1575897,69.9633478583943
43252,,,390.0,2204020,83.10605166922261
43253,,,181.2,1662570,86.50401703386926
43254,,,271.5,3306030,68.44661482200706
43293,,,299.7,590000,42.110389830508474
30167,,,226.0,741332,83.81729103829323
30166,,,217.0,926665,57.31081782521191
43377,,,140.0,555999,54.88085410225558
43394,,,45.0,75000,20.82
43439,,,233.0,450000,57.39773777777777
43477,,,300.0,72000,72.91666666666666
43478,,,120.0,96000,70.0
37681,,,125.0,88000,45.45454545454545
39916,,,32.0,450000,51.2
36804,,,120.5,604800,35.3235548941799
36805,,,389.5,1455996,69.19609566235071
36802,,,226.0,504000,82.67205555555554
36803,,,392.0,1310400,73.97623931623933
40461,,,900.0,500000,0.0
42210,,,813.0,1428000,47.33504621848739
43578,,,877.0,1547000,29.510738202973492
41649,,,300.0,36000,0.8333333333333334
38592,,,290.0,200000,93.235
40473,,,88.0,300000,96.8
43125,,,157.0,200000,51.14275000000001
41173,,,180.0,340000,68.82352941176471
43458,,,200.0,45000,72.0
43462,,,130.0,51000,57.09803921568627
43457,,,155.0,45000,48.22222222222222
43453,,,110.0,40000,43.175000000000004
43454,,,108.0,40000,51.839999999999996
43456,,,120.0,80000,19.35
43774,,,97.0,250000,74.3796
43455,,,220.0,45600,62.23684210526316
43469,,,110.0,80000,24.75
43467,,,108.0,45000,57.599999999999994
43468,,,100.0,45000,35.55555555555556
43128,,,841.0,1676250,46.22301565995525
43811,,,118.0,37500,16.362666666666666
43812,,,118.0,35500,26.591549295774648
43813,,,150.0,25500,29.411764705882355
43814,,,180.0,25500,30.352941176470587
43817,,,160.0,25500,18.823529411764707
43818,,,145.0,25500,28.431372549019606
43815,,,160.0,32000,43.5
43816,,,180.0,32000,33.75
41646,,,447.0,1159200,60.10900621118013
43909,,,100.0,42500,41.647058823529406
43133,,,228.0,1050000,13.028571428571428
43134,,,366.0,1050000,22.109885714285713
43135,,,348.0,1050000,18.0496
40440,,,72.0,500000,16.3584
41172,,,76.0,600000,63.33333333333333
38464,,,120.0,80000,53.400000000000006
38465,,,150.0,50000,66.0
38742,,,89.0,75720,74.06793449550977
38700,,,532.0,200000,91.637
39087,,,457.0,150000,65.50333333333333
38591,,,120.0,35000,42.857142857142854
44145,,,192.0,645846,50.98429037262753
44148,,,180.0,807306,34.76317530155852
44362,,,135.0,200000,80.25750000000001
42473,,,280.0,300000,45.54666666666667
43287,,,64.0,500000,46.08
37102,,,200.0,58000,75.86206896551724
38474,,,284.0,58000,66.10344827586206
38473,,,120.0,50000,79.67999999999999
38459,,,120.0,40000,78.60000000000001
38461,,,160.0,55000,90.18181818181819
40445,,,85.0,300000,88.17333333333333
43392,,,100.0,50000,94.69999999999999
37073,,,45.0,50000,45.0
39552,,,254.0,150000,60.17260000000001
39553,,,278.0,150000,50.66086666666667
39554,,,270.0,150000,64.8
39555,,,278.0,150000,46.94493333333334
41577,,,102.0,150000,60.89128
41578,,,108.0,150000,46.834559999999996
41580,,,91.0,150000,31.515120000000003
41582,,,105.0,150000,72.87
41397,,,168.99,750000,40.326196360000004
41398,,,179.84,750000,38.69749162666666
41399,,,168.51,750000,35.378562159999994
41400,,,358.12,1500000,60.85318288
41401,,,182.97,750000,41.58029843999999
41402,,,265.59000000000003,1125000,47.12581744
44162,,,373.0,1656072,69.15290518769717
44164,,,324.0,1845480,69.78847779439495
44165,,,353.0,1845480,68.53113553113552
44166,,,426.4,2167506,64.72704573828169
44167,,,323.0,1643895,60.126242856143485
44168,,,351.0,872685,74.50683236219254
44169,,,290.5,852390,53.87468177712081
44617,,,184.59,750000,41.649164760000005
44170,,,255.8,761772,82.35229307456824
44171,,,478.4,1904430,79.21459754362198
44172,,,397.5,1904430,55.13649753469543
44173,,,362.0,1155792,60.74613771336019
44174,,,245.3,744260,96.98159917233224
44175,,,254.0,1201128,82.11509514389807
44176,,,394.0,1515500,90.4094160343121
43478,,,120.0,50000,88.08
36968,,,600.0,750000,84.0
36969,,,580.0,750000,87.85066666666667
44177,,,247.0,927402,52.79700173171936
44178,,,246.0,718410,37.508999039545664
44179,,,378.0,1197350,79.85717626425021
44364,,,58.0,300000,92.80000000000001
44724,,,45.0,500000,43.2
42950,,,65.0,290000,42.58620689655173
44806,,,1226.74,24000000,82.94806966666665
44807,,,875.2,19440000,85.10689711934157
39070,,,300.0,75000,90.0
44925,,,300.0,120000,12.5
44945,,,104.0,42500,35.97176470588235
44951,,,464.0,2250000,39.8112
44952,,,521.0,900000,44.313944444444445
41124,,,135.0,72000,52.5
38504,,,326.0,102400,32.154296875
40474,,,220.0,300000,77.73333333333333
45040,,,200.0,200000,100.0
37037,,,262.0,200000,29.9466
35864,,,160.0,50000,76.16000000000001
45161,,,240.0,250000,37.056
38943,,,200.0,160000,20.0
45163,,,636.0,2800000,69.91093714285714
45165,,,837.0,3200000,72.16509375
45167,,,587.0,2800000,86.30996428571429
38941,,,100.0,270000,10.703703703703704
38942,,,140.0,140000,10.5
40461,,,103.0,200000,32.548
41173,,,47.0,330000,66.93939393939394
45200,,,30.0,1300000,27.692307692307693
44566,JAWA TIMUR,PACITAN,353.0,320000,69.97121874999999
44516,JAWA TIMUR,PACITAN,375.0,210000,71.16964285714286
44517,JAWA TIMUR,PACITAN,309.0,140000,99.04553571428572
44585,JAWA TIMUR,PACITAN,324.0,160000,88.8165
44588,JAWA TIMUR,PACITAN,170.0,120000,39.95
44586,JAWA TIMUR,PACITAN,316.0,225000,72.17439999999999
44587,JAWA TIMUR,PACITAN,370.0,225000,75.75955555555555
40486,,,315.0,803208,67.61216272746287
40487,,,284.0,795012,84.05844440083922
40488,,,256.0,368820,60.52114310503769
40489,,,299.0,369444,85.2493639090092
40490,,,280.0,369444,72.60261365727959
40491,,,299.0,300626,68.46567495825377
40492,,,350.0,369444,89.8712660105456
40493,,,309.0,369444,81.52312664436288
40494,,,301.0,369444,74.42711479953661
40495,,,282.0,402042,61.82940588296745
42442,,,262.0,400000,48.339
42443,,,276.0,400000,85.836
42444,,,212.0,400000,23.903
42446,,,255.0,400000,38.505
42447,,,370.0,400000,22.2
42450,,,336.0,600000,75.516
42451,,,222.0,400000,89.577
45205,,,140.0,25500,35.68627450980392
45206,,,160.0,51000,19.76470588235294
45118,,,317.0,160000,81.5284375
41649,,,304.2,82500,89.06607272727271
41652,,,274.5,82500,73.75232727272729
43592,,,277.1,82500,78.90800363636365
45514,,,500.0,200000,75.0
45516,,,500.0,164000,84.7560975609756
35781,,,70.0,600000,58.333333333333336
45505,,,500.0,100000,40.0
45546,,,150.0,75000,79.4
45500,,,260.0,100000,98.8
41403,,,243.6,1125000,90.00359573333333
41404,,,280.18,1125000,43.40224796444445
41405,,,192.70999999999998,750000,42.21993458666666
45266,,,195.12,750000,50.18304288000001
44088,,,337.0,360000,84.11519999999999
36372,,,130.0,270000,94.85185185185185
45656,,,196.0,300000,88.2
44212,,,321.98,341740,58.561090009949076
44213,,,322.0,244100,76.67715690290865
44214,,,317.95,195280,75.22168168783286
45697,,,304.0,300000,83.51082666666667
45698,,,250.0,100000,61.75000000000001
45689,,,405.0,510000,69.96176470588236
45690,,,947.0,3500000,99.97614285714286
45696,,,216.0,450000,97.584
43468,,,200.0,34000,34.11764705882353
44363,,,187.0,400000,81.344065
45496,,,471.0,210000,84.55571428571429
45503,,,400.0,500000,40.0
45751,,,250.0,40000,62.5
45342,,,135.0,100000,41.6475
36534,,,115.0,200000,55.2
33945,,,1598.95,10573500,89.51035063129522
33946,,,1399.24,9248500,88.84058208790614
38467,,,130.0,60000,28.166666666666668
37681,,,400.0,45000,78.22222222222223
38474,,,280.0,45000,62.22222222222222
38461,,,400.0,45000,42.66666666666667
38249,,,220.0,325000,54.784738461538474
38258,,,176.0,325000,66.90978461538461
38259,,,164.0,325000,51.36530461538461
38264,,,848.0,2106000,95.59126305792972
45603,,,200.0,30000,100.0
41445,,,240.0,350000,86.94857142857143
24266,,,454.0,786420,97.44818290480913
24569,,,452.0,1524830,94.8861184525488
45604,,,250.0,30000,75.0
45702,,,310.0,100000,58.28
45479,,,200.0,50000,43.6
45480,,,300.0,100000,58.050000000000004
45489,,,350.0,200000,70.0
45487,,,200.0,30000,46.666666666666664
45488,,,80.0,20000,20.0
37102,,,250.0,30000,62.5
46139,,,152.0,200000,51.68000000000001
46140,,,252.0,330000,68.42181818181818
45502,,,85.0,75000,39.666666666666664
46158,,,316.0,544616,43.66775856750444
46159,,,360.0,494344,54.309064133477904
46160,,,410.0,586510,54.97191863736338
46161,,,277.0,171764,46.68379870054261
45498,,,250.0,30000,66.66666666666666
43392,,,110.0,50000,91.3
37101,,,300.0,67000,17.91044776119403
41859,,,54.0,237300,66.5385587863464
41860,,,50.0,294000,74.38775510204081
45701,,,200.0,25000,80.0
38699,,,307.0,40000,70.61
38700,,,200.0,40000,67.5
39087,,,208.0,40000,71.24000000000001
46636,,,409.0,360000,23.54022222222222
46637,,,500.0,720000,23.85763888888889
6900,,,137.0,70000,41.099999999999994
6901,,,124.0,60000,40.71333333333334
45495,,,130.0,70000,65.0
45817,,,144.0,80000,75.6
43478,,,150.0,50000,75.0
43479,,,200.0,50000,48.0
45501,,,210.0,80000,39.375
36968,,,240.0,200000,24.0
36969,,,214.0,200000,21.4
34025,,,181.0,100000,81.45
38481,,,250.0,27000,92.5925925925926
37073,,,220.0,60000,55.00000000000001
37074,,,220.0,60000,86.16666666666667
43774,,,177.0,120000,59.294999999999995
39070,,,450.0,75000,60.0
45700,,,191.0,200000,57.3
45696,,,282.0,367200,69.11764705882352
45490,,,135.0,50000,42.66
45546,,,107.0,50000,74.9
6740,,,127.8,2800000,27.49982142857143
6738,,,132.0,760000,54.50557894736841
6739,,,143.2,800000,41.83050999999999
30344,,,966.0,17500,88.32
30343,,,822.0,14000,98.93357142857143
30345,,,2335.0,94500,63.50211640211641
43439,,,170.0,500000,58.038000000000004
46978,,,180.0,60000,90.0
45505,,,160.0,75000,32.0
44544,SULAWESI BARAT,MAMUJU UTARA,330.0,362738,59.13358953294113
45500,,,135.0,60000,40.5
44548,SULAWESI BARAT,MAMUJU UTARA,468.0,1148588,98.94640375835374
45496,,,400.0,110000,48.36363636363637
45751,,,350.0,40000,35.0
47061,,,300.0,100000,15.0
47103,,,151.0,236360,73.86963953291588
47109,,,75.0,130240,30.80850737100737
47108,,,184.0,236360,77.46434252834658
47107,,,86.0,118180,26.80495853782366
37801,,,100.0,50000,50.0
37037,,,250.0,100000,91.25
47090,,,483.0,452000,96.54657079646017
45479,,,200.0,50000,24.0
47282,,,110.0,50000,44.0
29921,,,99.4,50000,23.73672
38474,,,200.0,40000,60.0
45621,,,260.0,390000,53.333333333333336
38459,,,250.0,50000,65.0
45495,,,300.0,150000,6.0
35864,,,387.0,100000,94.2345
45690,,,150.0,400000,46.875
45493,,,200.0,75000,16.0
43651,,,85.0,125000,70.584
43654,,,70.0,125000,37.044
